"X_time","bme680_gas/KOhms","bme680_humidity","bme680_IAQ","bme680_IAQ_Accuracy","bme680_pressure","bme680_rawHumidity","bme680_rawTemperature","bme680_Static_IAQ","bme680_temperature","ccs_eCO2","ccs_TVOC","esp32_ChipID","mhz19_ppm","nextpm_pm1","nextpm_pm10","nextpm_pm25"
"2021-09-22T19:00:00Z",13.1725,41.490995,25,0,1021.47,41.491,24.78,25,24.78,0,0,13021644,400,1.1,1.85,1.45
"2021-09-22T20:00:00Z",9.1715,41.5605,25,0,1021.52,41.5605,24.72,25,24.72,0,0,13021644,400,0.9,1.35,1.1
"2021-09-22T21:00:00Z",7.6125,42.008,25,0,1021.41,42.008,24.505,25,24.505,0,0,13021644,400,0.95,1.3,1.15
"2021-09-22T22:00:00Z",6.864,42.186,25,0,1021.4,42.186,24.41,25,24.41,0,0,13021644,400,1.1,2.2,1.5
"2021-09-22T23:00:00Z",6.2745,42.388,25,0,1021.55,42.388,24.525,25,24.525,0,0,13021644,397.5,1.05,1.35,1.25
"2021-09-23T00:00:00Z",5.613,42.3995,25,0,1021.52,42.3995,24.545,25,24.545,0,0,13021644,397.5,1.25,1.75,1.6
"2021-09-23T01:00:00Z",4.9605,42.4735,25,0,1020.86,42.4735,24.585,25,24.585,0,0,13021644,400,1.45,2.1,2
"2021-09-23T02:00:00Z",4.5495,42.8275,25,0,1020.185,42.8275,24.46,25,24.46,0,0,13021644,397.5,0.7,1.05,0.85
"2021-09-23T03:00:00Z",4.426,42.7695,25,0,1019.51,42.7695,24.475,25,24.475,0,0,13021644,400,1.15,1.75,1.4
"2021-09-23T04:00:00Z",4.451,43.1295,25,0,1019.21,43.1295,24.3,25,24.3,0,0,13021644,397.5,1.2,1.9,1.6
"2021-09-23T05:00:00Z",4.409,43.2265,25,0,1019.02,43.2265,24.235,25,24.235,0,0,13021644,400,1.1,1.4,1.35
"2021-09-23T06:00:00Z",4.0055,43.5965,25,0,1019.345,43.5965,24.185,25,24.185,0,0,13021644,400,1.1,1.6,1.45
"2021-09-23T07:00:00Z",3.708,47.6665,25,0,1019.805,47.6665,22.36,25,22.36,0,0,13021644,397.5,3.4,6.7,4.7
"2021-09-23T08:00:00Z",3.671,49.413,25,0,1019.825,49.413,21.91,25,21.91,0,0,13021644,400,5.3,10.95,7.45
"2021-09-23T09:00:00Z",3.8145,48.772005,25,0,1019.74,48.772,22.365,25,22.365,0,0,13021644,397.5,5.55,11.45,7.75
"2021-09-23T10:00:00Z",4.869,44.3955,25,0,1019.71,44.3955,23.39,25,23.39,0,0,13021644,400,3.65,7.7,4.8
"2021-09-23T11:00:00Z",6.9005,42.666,25,0,1019.295,42.666,24.08,25,24.08,0,0,13021644,400,3.9,7.5,5.55
"2021-09-23T12:00:00Z",9.682,41.558,25,0,1018.64,41.558,24.41,25,24.41,0,0,13021644,400,5.05,9.25,7
"2021-09-23T13:00:00Z",13.0105,40.08,25,0,1018.195,40.08,24.77,25,24.77,0,0,13021644,400,3.35,5.7,4.5
"2021-09-23T14:00:00Z",16.144,40.368,25,0,1017.655,40.368,25.07,25,25.07,0,0,13021644,400,3.45,7.2,4.5
"2021-09-23T15:00:00Z",19.0375,39.2145,25,0,1016.93,39.2145,25.21,25,25.21,0,0,13021644,397.5,3.5,7.85,4.95
"2021-09-23T16:00:00Z",21.9945,38.8725,25,0,1016.675,38.8725,25.125,25,25.125,0,0,13021644,400,2.5,4.75,3.2
"2021-09-23T17:00:00Z",23.32,41.5225,25,0,1016.7,41.5225,24.885,25,24.885,0,0,13021644,397.5,2.55,4.8,3.55
"2021-09-23T18:00:00Z",23.4785,43.3415,25,0,1016.615,43.3415,24.5,25,24.5,0,0,13021644,400,2.55,4.1,3.3
"2021-09-23T19:00:00Z",17.936,43.416,25,0,1016.8,43.416,24.94,25,24.94,0,0,13021644,400,1.7,2.9,2.4
"2021-09-23T20:00:00Z",14.5215,44.317,25,0,1017.165,44.317,24.82,25,24.82,0,0,13021644,400,2.7,4.75,3.7
"2021-09-23T21:00:00Z",11.1005,46.269,25,0,1017.24,46.269,24.57,25,24.57,0,0,13021644,400,3.4,4.95,4.55
"2021-09-23T22:00:00Z",9.5635,46.3245,25,0,1017.38,46.3245,24.555,25,24.555,0,0,13021644,400,2,3.9,2.6
"2021-09-23T23:00:00Z",7.529,46.377,25,0,1017.6,46.377,24.565,25,24.565,0,0,13021644,400,1.55,2.45,2
"2021-09-24T00:00:00Z",6.3815,47.308,25,0,1017.44,47.308,24.505,25,24.505,0,0,13021644,400,1.25,2.15,1.55
"2021-09-24T01:00:00Z",5.772,46.8965,25,0,1017.22,46.8965,24.75,25,24.75,0,0,13021644,400,1.05,1.8,1.4
"2021-09-24T02:00:00Z",5.449,47.243,25,0,1016.84,47.243,24.66,25,24.66,0,0,13021644,400,1.05,1.5,1.45
"2021-09-24T03:00:00Z",5.49,47.825,25,0,1016.81,47.825,24.62,25,24.62,0,0,13021644,400,1,1.6,1.3
"2021-09-24T04:00:00Z",6.0735,49.143,25,0,1016.615,49.143,24.405,25,24.405,0,0,13021644,400,1.25,2.2,1.7
"2021-09-24T05:00:00Z",6.6675,49.899505,25,0,1016.46,49.8995,24.36,25,24.36,0,0,13021644,400,0.7,2.1,1.15
"2021-09-24T06:00:00Z",6.745,49.9625,25,0,1016.42,49.9625,24.495,25,24.495,0,0,13021644,397.5,0.6,1.15,0.9
"2021-09-24T07:00:00Z",6.236,56.5855,25,0,1016.44,56.5855,22.415,25,22.415,0,0,13021644,400,3.05,7.65,4.45
"2021-09-24T08:00:00Z",4.64866666666667,52.7557966666667,25,0,1016.37,54.7246666666667,23.2633333333333,25,23.26322,133.333333333333,0,9916152,1431656031.66667,2.46666666666667,7.33333333333333,3.8
"2021-09-24T09:00:00Z",4.504,48.44641,25,0,1016.5625,49.4545,25.2775,25,25.27733,227,4,8363406,2147483847.5,3.1,5.875,4.5
"2021-09-24T10:00:00Z",4.88975,46.541475,25,0,1016.525,47.39025,25.8575,25,25.85733,225,3.5,8363406,2147483846.25,5.05,11.2,7.6
"2021-09-24T11:00:00Z",5.2335,45.7236375,25,0,1016.235,46.62375,25.9525,25,25.95233,248.5,7.25,8363406,2147483847.5,2.175,4.075,3.05
"2021-09-24T12:00:00Z",6.165,45.9056566666667,25,0,1015.80666666667,46.5896666666667,25.9433333333333,25,25.94322,193.666666666667,9,9916152,1431656031.66667,2.93333333333333,5.43333333333333,4.16666666666667
"2021-09-24T13:00:00Z",6.73075,43.674155,25,0,1015.2925,44.52425,26.6975,25,26.69733,224.5,3.5,8363406,2147483846.25,2.475,4.4,3.375
"2021-09-24T14:00:00Z",8.159,43.5860725,25,0,1014.6325,44.4,26.5375,25,26.53733,225,3.5,8363406,2147483847.5,1.825,3.65,2.5
"2021-09-24T15:00:00Z",9.4985,42.8387475,25,0,1014.0375,43.64375,26.5675,25,26.56733,215,2,8363406,2147483846.25,1.775,3.675,2.525
"2021-09-24T16:00:00Z",12.2093333333333,43.2441333333333,25,0,1013.70333333333,43.9813333333333,26.1733333333333,25,26.17322,148.666666666667,2.33333333333333,9916152,1431656030,3,6.06666666666667,4.23333333333333
"2021-09-24T17:00:00Z",9.48033333333333,40.95417,25,0,1013.53333333333,42.6473333333333,26.9133333333333,25,26.9131066666667,354.333333333333,13,6810660,2863311663.33333,1.13333333333333,2.2,1.5
"2021-09-24T18:00:00Z",12.75375,42.5788775,25,0,1013.565,43.419,26.29,25,26.28983,214.75,2,8363406,2147483847.5,1.775,2.9,2.5
"2021-09-24T19:00:00Z",12.5256666666667,43.83746,25,0,1013.79333333333,44.5356666666667,25.85,25,25.8498866666667,179.666666666667,7,9916152,1431656031.66667,2.43333333333333,6.53333333333333,3.56666666666667
"2021-09-24T20:00:00Z",9.1375,47.123505,25,0,1014.17,47.1235,24.86,25,24.86,0,0,13021644,400,1.75,3,2.55
"2021-09-24T21:00:00Z",6.2945,47.8005,25,0,1014.305,47.8005,24.805,25,24.805,0,0,13021644,395,1.45,2.25,1.8
"2021-09-24T22:00:00Z",5.198,48.208,25,0,1014.39,48.208,25.155,25,25.155,0,0,13021644,397.5,0.55,0.8,0.75
"2021-09-24T23:00:00Z",4.3735,48.219,25,0,1014.235,48.219,25.245,25,25.245,0,0,13021644,400,1.05,1.55,1.4
"2021-09-25T00:00:00Z",3.9445,48.3745,25,0,1014.09,48.3745,25.265,25,25.265,0,0,13021644,397.5,1.05,1.75,1.4
"2021-09-25T01:00:00Z",3.75,48.5575,25,0,1013.825,48.5575,25.145,25,25.145,0,0,13021644,400,0.95,1.35,1.2
"2021-09-25T02:00:00Z",3.6315,48.719,25,0,1013.66,48.719,25.035,25,25.035,0,0,13021644,400,0.9,1.7,1.25
"2021-09-25T03:00:00Z",3.6215,48.942,25,0,1013.27,48.942,24.92,25,24.92,0,0,13021644,400,0.8,1.45,1.15
"2021-09-25T04:00:00Z",3.599,49.017,25,0,1012.995,49.017,24.86,25,24.86,0,0,13021644,397.5,0.9,1.35,1
"2021-09-25T05:00:00Z",3.4775,49.215,25,0,1012.905,49.215,24.705,25,24.705,0,0,13021644,400,0.8,1.1,1
"2021-09-25T06:00:00Z",3.3165,48.976,25,0,1012.77,48.976,24.7,25,24.7,0,0,13021644,400,0.95,1.2,1.2
"2021-09-25T07:00:00Z",3.2485,48.8025,25,0,1012.82,48.8025,24.65,25,24.65,0,0,13021644,397.5,1.15,2.05,1.65
"2021-09-25T08:00:00Z",3.328,48.669,25,0,1012.62,48.669,24.7,25,24.7,0,0,13021644,400,1.2,1.7,1.55
"2021-09-25T09:00:00Z",3.9075,48.374,25,0,1012.42,48.374,24.815,25,24.815,0,0,13021644,400,1.9,3.65,2.4
"2021-09-25T10:00:00Z",4.2345,46.8815,25,0,1012.265,46.8815,25.335,25,25.335,0,0,13021644,400,1.85,2.65,2.1
"2021-09-25T11:00:00Z",4.7655,44.8985,25,0,1011.925,44.8985,25.975,25,25.975,0,0,13021644,400,1.35,2.15,1.6
"2021-09-25T12:00:00Z",5.268,44.1645,25,0,1011.29,44.1645,26.07,25,26.07,0,0,13021644,400,0.7,1,0.85
"2021-09-25T13:00:00Z",5.684,43.8135,25,0,1010.395,43.8135,25.965,25,25.965,0,0,13021644,397.5,1.35,1.85,1.65
"2021-09-25T14:00:00Z",5.94,43.524,25,0,1010.04,43.524,26.07,25,26.07,0,0,13021644,400,1.2,2,1.7
"2021-09-25T15:00:00Z",6.3835,43.6475,25,0,1009.93,43.6475,25.945,25,25.945,0,0,13021644,400,1.2,1.6,1.6
"2021-09-25T16:00:00Z",6.7535,44.316,25,0,1009.695,44.316,25.755,25,25.755,0,0,13021644,397.5,1.1,1.6,1.45
"2021-09-25T17:00:00Z",6.8895,44.9805,25,0,1009.745,44.9805,25.59,25,25.59,0,0,13021644,400,1.1,1.35,1.2
"2021-09-25T18:00:00Z",6.711,45.453,25,0,1009.79,45.453,25.415,25,25.415,0,0,13021644,395,1.1,1.9,1.5
"2021-09-25T19:00:00Z",6.0535,47.4405,25,0,1009.95,47.4405,25.345,25,25.345,0,0,13021644,397.5,1.45,2.15,1.95
"2021-09-25T20:00:00Z",4.9215,49.472495,25,0,1010.02,49.4725,25.125,25,25.125,0,0,13021644,400,1.75,2.85,2.45
"2021-09-25T21:00:00Z",4.3425,51.7385,25,0,1010.44,51.7385,24.99,25,24.99,0,0,13021644,395,1.8,3.3,2.4
"2021-09-25T22:00:00Z",4.199,52.20201,25,0,1010.78,52.202,24.91,25,24.91,0,0,13021644,400,1.65,2.7,2.15
"2021-09-25T23:00:00Z",4.247,52.614495,25,0,1011.135,52.6145,24.845,25,24.845,0,0,13021644,397.5,1.5,2.2,1.8
"2021-09-26T00:00:00Z",4.2055,53.522,25,0,1011.085,53.522,24.73,25,24.73,0,0,13021644,400,1.55,2.15,2
"2021-09-26T01:00:00Z",4.175,53.161505,25,0,1010.91,53.1615,24.785,25,24.785,0,0,13021644,400,1.45,2.1,1.85
"2021-09-26T02:00:00Z",4.1535,53.562005,25,0,1011.145,53.562,24.7,25,24.7,0,0,13021644,400,0.65,0.75,0.75
"2021-09-26T03:00:00Z",4.0375,54.168005,25,0,1011.105,54.168,24.835,25,24.835,0,0,13021644,400,1.3,1.6,1.45
"2021-09-26T04:00:00Z",3.9585,54.02649,25,0,1010.77,54.0265,24.845,25,24.845,0,0,13021644,400,1.3,2.15,1.75
"2021-09-26T05:00:00Z",3.9345,53.902,25,0,1010.43,53.902,24.855,25,24.855,0,0,13021644,400,1.2,1.95,1.55
"2021-09-26T06:00:00Z",3.6975,54.210495,25,0,1010.945,54.2105,24.78,25,24.78,0,0,13021644,400,1.2,1.45,1.35
"2021-09-26T07:00:00Z",3.5875,54.6965,25,0,1011.685,54.6965,24.885,25,24.885,0,0,13021644,400,1.4,2.4,1.85
"2021-09-26T08:00:00Z",4.154,55.4645,25,0,1012.155,55.4645,24.93,25,24.93,0,0,13021644,400,1.15,1.7,1.45
"2021-09-26T09:00:00Z",5.0635,55.463495,25,0,1012.6,55.4635,25.06,25,25.06,0,0,13021644,400,1.45,2.2,1.9
"2021-09-26T10:00:00Z",5.5955,53.823495,25,0,1012.63,53.8235,25.285,25,25.285,0,0,13021644,400,1.5,2.25,1.9
"2021-09-26T11:00:00Z",5.548,51.954,25,0,1012.65,51.954,25.29,25,25.29,0,0,13021644,397.5,1.4,1.9,1.65
"2021-09-26T12:00:00Z",5.495,51.26001,25,0,1012.32,51.26,25.51,25,25.51,0,0,13021644,395,1.6,2.9,2.3
"2021-09-26T13:00:00Z",5.572,50.8755,25,0,1011.935,50.8755,25.53,25,25.53,0,0,13021644,397.5,1.55,2.05,2
"2021-09-26T14:00:00Z",5.7255,50.62949,25,0,1011.88,50.6295,25.5,25,25.5,0,0,13021644,397.5,1.4,2,1.85
"2021-09-26T15:00:00Z",5.8945,52.347495,25,0,1011.8,52.3475,25.24,25,25.24,0,0,13021644,400,1.15,1.95,1.6
"2021-09-26T16:00:00Z",5.629,52.95401,25,0,1011.85,52.954,25.275,25,25.275,0,0,13021644,400,1.15,2.25,1.4
"2021-09-26T17:00:00Z",5.495,53.50801,25,0,1012.1,53.508,25.25,25,25.25,0,0,13021644,400,1.2,2.2,1.5
"2021-09-27T11:00:00Z",2.916,49.98316,25,0,1011.45,56.176,25.98,25,25.97966,421,3,3705168,4294967295,0,0,0
"2021-09-27T12:00:00Z",4.021,44.36872,25,0,1012.135,46.2225,28.845,25,28.84466,492.5,13.5,3705168,4294967295,0,0,0
"2021-09-27T13:00:00Z",4.8075,40.821395,25,0,1013.17,42.65,29.04,25,29.03966,448,7,3705168,4294967295,0,0,0
"2021-09-27T14:00:00Z",5.145,39.58224,25,0,1013.6,41.333,29.28,25,29.27966,465,9,3705168,4294967295,0,0,0
"2021-09-27T15:00:00Z",5.372,39.08053,25,0,1013.995,40.7185,29.07,25,29.06966,429.5,4,3705168,4294967295,0,0,0
"2021-09-27T16:00:00Z",5.685,37.33087,25,0,1014.695,38.9175,28.765,25,28.76466,463,9,3705168,4294967295,0,0,0
"2021-09-27T17:00:00Z",5.9265,35.52335,25,0,1015.49,37.0325,28.8,25,28.79966,498.5,14.5,3705168,4294967295,0,0,0
"2021-09-27T18:00:00Z",7.31175,41.14403,25,0,1016.7325,41.8875,25.725,25,25.72483,817.25,154.25,8363406,2147483846.25,0.625,1.35,0.825
"2021-09-27T19:00:00Z",6.77866666666667,43.58499,25,0,1017.72333333333,44.061,25.3333333333333,25,25.33322,644,36.3333333333333,9916152,1431656031.66667,0.8,1.63333333333333,1.2
"2021-09-27T20:00:00Z",5.5745,49.207,25,0,1018.735,49.207,23.53,25,23.53,432,4.5,13021644,400,1.95,3.5,2.9
"2021-09-27T21:00:00Z",4.679,49.4155,25,0,1019.305,49.4155,23.51,25,23.51,455,8,13021644,400,1.4,2.8,2.15
"2021-09-27T22:00:00Z",3.938,49.426,25,0,1019.59,49.426,23.615,25,23.615,433.5,4.5,13021644,400,1.15,2.3,1.75
"2021-09-27T23:00:00Z",3.642,48.998005,25,0,1019.94,48.998,23.51,25,23.51,421,3,13021644,400,0.85,1.5,1.1
"2021-09-28T00:00:00Z",3.435,48.728995,25,0,1020.27,48.729,23.41,25,23.41,424,3.5,13021644,400,0.7,1.55,1.3
"2021-09-28T01:00:00Z",3.36,48.4615,25,0,1020.56,48.4615,23.4,25,23.4,414,1.5,13021644,397.5,0.65,1.1,0.95
"2021-09-28T02:00:00Z",3.36,48.6,25,0,1020.41,48.6,23.325,25,23.325,420,2.5,13021644,400,0.7,1.05,0.8
"2021-09-28T03:00:00Z",3.359,48.8175,25,0,1019.99,48.8175,23.21,25,23.21,420.5,2.5,13021644,400,0.55,1,0.8
"2021-09-28T04:00:00Z",3.3255,48.9525,25,0,1019.805,48.9525,23.125,25,23.125,414,1.5,13021644,400,0.5,0.95,0.6
"2021-09-28T05:00:00Z",3.3095,49.099,25,0,1019.855,49.099,23.035,25,23.035,426,3.5,13021644,400,0.5,0.8,0.5
"2021-09-28T06:00:00Z",3.306,48.9025,25,0,1019.705,48.9025,22.995,25,22.995,431,4.5,13021644,400,0.55,0.85,0.65
"2021-09-28T07:00:00Z",3.3865,58.666,25,0,1019.86,58.666,18.425,25,18.425,518,17.5,13021644,400,2.4,5.05,3.2
"2021-09-28T08:00:00Z",3.489,52.21,25,0,1019.75,52.21,21.59,25,21.59,480,12,13021644,395,1.5,5.2,2.1
"2021-09-28T09:00:00Z",3.5275,52.9895,25,0,1019.795,52.9895,20.89,25,20.89,982.5,95.5,13021644,397.5,3.75,10,5.5
"2021-09-28T10:00:00Z",4.03025,43.226975,25,0,1019.595,44.823,24.5825,25,24.58233,769.25,106.5,8363406,2147483846.25,1.6,3.7,2.425
"2021-09-28T11:00:00Z",4.891,40.3842925,25,0,1019.105,41.1035,25.74,25,25.73983,1203,301.25,8363406,2147483847.5,1.425,3.55,2.05
"2021-09-28T12:00:00Z",5.765,39.1477475,25,0,1018.6275,39.83425,25.8825,25,25.88233,917,252,8363406,2147483846.25,1.625,3.175,2.275
"2021-09-28T13:00:00Z",6.977,39.1654533333333,25,0,1017.98666666667,39.6806666666667,25.0566666666667,25,25.0565533333333,911,196,9916152,1431656031.66667,1.23333333333333,3.76666666666667,1.86666666666667
"2021-09-28T14:00:00Z",8.19225,37.71206,25,0,1017.155,38.367,25.885,25,25.88483,486,12.5,8363406,2147483847.5,1.175,2.7,1.7
"2021-09-28T15:00:00Z",10.9543333333333,41.1730033333333,25,0,1016.63666666667,41.4603333333333,23.5366666666667,25,23.5365533333333,773,56.3333333333333,9916152,399.666666666667,1.7,3.63333333333333,2.56666666666667
"2021-09-28T16:00:00Z",14.6625,42.3825,25,0,1016.095,42.3825,22.69,25,22.69,1100,147,13021644,397.5,2.05,4.05,3.2
"2021-09-28T17:00:00Z",12.257,38.5152833333333,25,0,1015.64666666667,40.0086666666667,24.1266666666667,25,24.1265533333333,662.333333333333,39.3333333333333,9916152,1431656030,1.7,4.26666666666667,2.5
"2021-09-28T18:00:00Z",13.3406666666667,38.3700466666667,25,0,1015.35333333333,38.5033333333333,24.9366666666667,25,24.9365533333333,339.666666666667,10.6666666666667,9916152,1431656030,1.63333333333333,3.16666666666667,2.4
"2021-09-28T19:00:00Z",13.459,43.7985,25,0,1015.34,43.7985,23.25,25,23.25,438.5,5.5,13021644,400,0.8,1.95,1.15
"2021-09-28T20:00:00Z",8.524,42.809,25,0,1015.305,42.809,23.65,25,23.65,420,2.5,13021644,400,0.65,1.25,0.95
"2021-09-28T21:00:00Z",6.723,42.964005,25,0,1015.1,42.964,23.745,25,23.745,419.5,2.5,13021644,397.5,0.6,1,0.8
"2021-09-28T22:00:00Z",5.9485,42.595005,25,0,1014.63,42.595,23.82,25,23.82,420,2.5,13021644,400,0.55,1.25,0.8
"2021-09-28T23:00:00Z",5.6725,42.7925,25,0,1014.285,42.7925,23.785,25,23.785,414,1.5,13021644,400,0.5,1.05,0.85
"2021-09-29T00:00:00Z",5.592,42.9205,25,0,1014.255,42.9205,23.725,25,23.725,423.5,3.5,13021644,397.5,0.5,1.2,0.75
"2021-09-29T01:00:00Z",5.6725,43.3055,25,0,1013.845,43.3055,23.655,25,23.655,414,1.5,13021644,400,0.4,0.75,0.75
"2021-09-29T02:00:00Z",5.841,43.685005,25,0,1013.5,43.685,23.655,25,23.655,415,2,13021644,400,0.35,1,0.65
"2021-09-29T03:00:00Z",5.805,44.4405,25,0,1013.305,44.4405,23.605,25,23.605,419.5,2.5,13021644,400,0.35,0.65,0.5
"2021-09-29T04:00:00Z",5.847,45.566505,25,0,1013.44,45.5665,23.59,25,23.59,425.5,3,13021644,400,0.25,0.5,0.45
"2021-09-29T05:00:00Z",5.852,46.715,25,0,1013.68,46.715,23.57,25,23.57,415,2,13021644,395,0.25,0.55,0.4
"2021-09-29T06:00:00Z",5.691,47.6345,25,0,1014.595,47.6345,23.55,25,23.55,422.5,3,13021644,397.5,0.3,0.5,0.4
"2021-09-29T07:00:00Z",6.4045,50.8655,25,0,1015.76,50.8655,22.27,25,22.27,471,10.5,13021644,400,0.4,1.3,0.7
"2021-09-29T08:00:00Z",7.7875,51.7295,25,0,1016.725,51.7295,21.74,25,21.74,656.5,38.5,13021644,397.5,1,2.7,1.4
"2021-09-29T09:00:00Z",10.1375,51.7485,25,0,1017.555,51.7485,20.87,25,20.87,488,13,13021644,395,1.6,4.3,2.55
"2021-09-29T10:00:00Z",12.9315,47.332,25,0,1018.37,47.332,21.455,25,21.455,556,23.5,13021644,400,1.35,3.1,2.45
"2021-09-29T11:00:00Z",15.315,43.46901,25,0,1018.69,43.469,21.78,25,21.78,514,17,13021644,400,1.5,4.1,2.4
"2021-09-29T12:00:00Z",16.954,47.681,25,0,1019.55,47.681,21.04,25,21.04,534,20,13021644,400,1.3,3.9,2.15
"2021-09-29T17:00:00Z",4.373,32.097495,25,0,1022.195,33.0475,26.84,25,26.83966,424,3.5,3705168,406.5,0,0,0
"2021-09-29T18:00:00Z",5.753,30.79346,25,0,1022.905,32.2505,26.64,25,26.63966,483,12,3705168,405,0,0,0
"2021-09-30T10:00:00Z",12.128,42.547,25,0,1025.29,42.547,21.04,25,21.04,1760,403,13021644,395,3.1,6.5,4.6
"2021-10-04T16:00:00Z",6.881,41.4375,25,0,1011.34,41.4375,25.355,25,25.355,917,78.5,13021644,395,0.6,1.7,1.15
"2021-10-04T17:00:00Z",3.78125,37.1874425,25,0,1011.045,38.4035,26.9875,25,26.98733,603.25,30.25,8363406,403.25,0.325,1,0.475
"2021-10-04T18:00:00Z",4.375,38.1187525,25,0,1010.705,38.7125,26.7875,25,26.78733,815.5,65.5,8363406,402.5,0.275,0.975,0.5
"2021-10-04T19:00:00Z",4.34366666666667,39.7136166666667,25,0,1010.63,40.1446666666667,26.1533333333333,25,26.15322,487.666666666667,13,9916152,401.333333333333,0.333333333333333,0.833333333333333,0.533333333333333
"2021-10-04T20:00:00Z",3.522,42.733,25,0,1010.3,42.733,24.96,25,24.96,430,4.5,13021644,400,0.4,0.8,0.45
"2021-10-04T21:00:00Z",3.3875,43.1515,25,0,1010.12,43.1515,24.885,25,24.885,418,2,13021644,400,0.45,0.75,0.55
"2021-10-04T22:00:00Z",3.5165,43.7315,25,0,1009.56,43.7315,24.815,25,24.815,421,3,13021644,400,0.35,0.7,0.5
"2021-10-04T23:00:00Z",3.7765,44.418,25,0,1009.12,44.418,24.81,25,24.81,417.5,2.5,13021644,400,0.3,0.45,0.4
"2021-10-05T00:00:00Z",3.8505,44.781,25,0,1008.6,44.781,24.84,25,24.84,416.5,2,13021644,400,0.25,0.6,0.45
"2021-10-05T01:00:00Z",3.8915,44.932005,25,0,1007.89,44.932,24.855,25,24.855,408,1,13021644,397.5,0.25,0.35,0.35
"2021-10-05T02:00:00Z",3.9985,45.09,25,0,1006.955,45.09,24.815,25,24.815,421,3,13021644,400,0.2,0.25,0.25
"2021-10-05T03:00:00Z",4.155,45.39,25,0,1005.735,45.39,24.695,25,24.695,428,4,13021644,400,0.15,0.25,0.25
"2021-10-05T04:00:00Z",4.1235,45.5435,25,0,1004.725,45.5435,24.75,25,24.75,408.5,1,13021644,400,0.15,0.55,0.2
"2021-10-05T05:00:00Z",4.143,45.701,25,0,1004.03,45.701,24.78,25,24.78,446,7,13021644,395,0.2,0.9,0.3
"2021-10-05T06:00:00Z",4.2195,45.909,25,0,1003.435,45.909,24.71,25,24.71,425.5,3.5,13021644,400,0.3,0.85,0.55
"2021-10-05T07:00:00Z",4.407,45.63,25,0,1002.505,45.63,25.025,25,25.025,768.5,55.5,13021644,400,0.85,2.05,1.25
"2021-10-05T08:00:00Z",5.4405,47.8985,25,0,1001.955,47.8985,24.805,25,24.805,467.5,9.5,13021644,400,2.1,4.7,2.75
"2021-10-05T09:00:00Z",6.1215,50.485,25,0,1001.055,50.485,24.135,25,24.135,490,13.5,13021644,397.5,1.3,2.75,1.85
"2021-10-05T10:00:00Z",6.8485,50.945505,25,0,1001.44,50.9455,24.175,25,24.175,1089,158,13021644,400,0.95,2.1,1.4
"2021-10-05T11:00:00Z",6.6285,48.9585,25,0,1002.505,48.9585,24.635,25,24.635,481,12,13021644,397.5,0.7,1.7,1.05
"2021-10-05T12:00:00Z",6.948,46.307,25,0,1003.355,46.307,25.09,25,25.09,592.5,28.5,13021644,400,1.35,3.35,1.9
"2021-10-05T13:00:00Z",8.118,42.066505,25,0,1003.755,42.0665,25.385,25,25.385,701,45.5,13021644,397.5,0.95,2.1,1.55
"2021-10-05T14:00:00Z",6.20425,41.7530525,25,0,1000.9475,43.13125,25.7825,25,25.78233,735.75,50.75,8363406,403.5,0.4,0.825,0.6
"2021-10-05T15:00:00Z",8.426,41.596,25,0,1005.235,41.596,25.52,25,25.52,463,9.5,13021644,397.5,0.8,1.55,1.15
"2021-10-05T16:00:00Z",6.604,37.5984925,25,0,1006.1,39.3885,26.0275,25,26.02733,562,24,8363406,403.5,0.3,1,0.5
"2021-10-05T17:00:00Z",9.0135,39.418,25,0,1006.975,39.418,25.29,25,25.29,553,23,13021644,397.5,0.6,1.5,0.8
"2021-10-05T18:00:00Z",9.193,39.8695,25,0,1008.455,39.8695,24.815,25,24.815,508.5,16,13021644,397.5,0.6,1.3,0.85
"2021-10-05T19:00:00Z",8.3815,41.1645,25,0,1009.325,41.1645,24.82,25,24.82,426,3.5,13021644,400,0.35,0.5,0.5
"2021-10-05T20:00:00Z",6.8595,41.6405,25,0,1010.01,41.6405,24.76,25,24.76,444.5,6.5,13021644,400,0.25,0.7,0.5
"2021-10-05T21:00:00Z",6.202,41.452,25,0,1010.83,41.452,24.705,25,24.705,414.5,2,13021644,400,0.25,0.45,0.4
"2021-10-05T22:00:00Z",6.167,41.116,25,0,1011.575,41.116,24.745,25,24.745,422.5,3,13021644,397.5,0.2,0.45,0.35
"2021-10-05T23:00:00Z",6.1705,41.076,25,0,1012.2,41.076,24.69,25,24.69,430,4,13021644,400,0.25,0.5,0.4
"2021-10-06T00:00:00Z",6.1235,40.981995,25,0,1012.7,40.982,24.695,25,24.695,420.5,2.5,13021644,397.5,0.25,0.45,0.3
"2021-10-06T01:00:00Z",6.122,40.925,25,0,1013.36,40.925,24.69,25,24.69,405,0,13021644,400,0.2,0.3,0.3
"2021-10-06T02:00:00Z",6.3245,40.83,25,0,1013.56,40.83,24.675,25,24.675,453.5,7.5,13021644,400,0.2,0.3,0.3
"2021-10-06T03:00:00Z",6.252,40.867495,25,0,1013.855,40.8675,24.64,25,24.64,415,2,13021644,397.5,0.2,0.4,0.25
"2021-10-06T04:00:00Z",6.1725,40.8875,25,0,1014.235,40.8875,24.6,25,24.6,414.5,1.5,13021644,400,0.2,0.45,0.3
"2021-10-06T05:00:00Z",6.014,40.9225,25,0,1014.765,40.9225,24.53,25,24.53,413.5,2,13021644,400,0.2,0.35,0.3
"2021-10-06T06:00:00Z",5.8015,40.9945,25,0,1015.355,40.9945,24.47,25,24.47,430,4,13021644,400,0.2,0.4,0.35
"2021-10-06T07:00:00Z",5.8795,40.456505,25,0,1016.105,40.4565,24.335,25,24.335,450.5,7,13021644,397.5,0.95,2.7,1.5
"2021-10-06T08:00:00Z",6.762,41.274,25,0,1016.715,41.274,24.175,25,24.175,623,33.5,13021644,400,1.25,4.1,2
"2021-10-06T09:00:00Z",6.944,41.1585,25,0,1017.22,41.1585,24.295,25,24.295,610,31.5,13021644,397.5,1.95,4.7,2.7
"2021-10-06T10:00:00Z",8.088,40.497,25,0,1017.67,40.497,24.53,25,24.53,524.5,18.5,13021644,400,2.1,5.15,3.3
"2021-10-06T11:00:00Z",9.076,38.57,25,0,1018.075,38.57,25.19,25,25.19,441.5,6,13021644,400,1.65,4.55,2.45
"2021-10-06T12:00:00Z",10.9865,37.7015,25,0,1018.015,37.7015,24.625,25,24.625,419.5,2.5,13021644,400,1.9,5.5,3
"2021-10-06T13:00:00Z",12.354,36.7675,25,0,1018.37,36.7675,25.15,25,25.15,450.5,7,13021644,400,1.35,3.9,2.15
"2021-10-06T14:00:00Z",12.061,35.979,25,0,1018.64,35.979,25.37,25,25.37,675.5,41.5,13021644,397.5,1.25,3.65,2.1
"2021-10-06T15:00:00Z",13.329,34,25,0,1019,34,25.49,25,25.49,492,13.5,13021644,400,0.95,3.5,1.8
"2021-10-06T16:00:00Z",12.7345,35.758,25,0,1019.23,35.758,25.07,25,25.07,657,38.5,13021644,397.5,1.2,3.4,2
"2021-10-06T17:00:00Z",11.725,36.3455,25,0,1019.6,36.3455,25.165,25,25.165,897,75.5,13021644,395,1,3.6,1.6
"2021-10-06T18:00:00Z",11.3975,37.148,25,0,1020.465,37.148,24.985,25,24.985,549.5,22.5,13021644,400,1.2,3.35,1.9
"2021-10-06T19:00:00Z",10.537,38.916,25,0,1021.475,38.916,24.705,25,24.705,431,4,13021644,400,0.7,1.6,0.95
"2021-10-06T20:00:00Z",8.3005,39.617,25,0,1021.96,39.617,24.59,25,24.59,434.5,5,13021644,400,0.55,1,0.75
"2021-10-06T21:00:00Z",6.996,39.6675,25,0,1022.37,39.6675,24.75,25,24.75,421.5,3,13021644,397.5,0.45,0.9,0.75
"2021-10-06T22:00:00Z",6.2055,40.0305,25,0,1022.55,40.0305,24.71,25,24.71,428.5,4,13021644,397.5,0.45,0.95,0.8
"2021-10-06T23:00:00Z",5.7715,40.0575,25,0,1022.92,40.0575,24.74,25,24.74,428,4,13021644,397.5,0.4,0.6,0.55
"2021-10-07T00:00:00Z",5.507,40.238495,25,0,1022.98,40.2385,24.67,25,24.67,462,9,13021644,400,0.4,0.5,0.45
"2021-10-07T01:00:00Z",5.2425,40.39,25,0,1023.21,40.39,24.65,25,24.65,420.5,3,13021644,400,0.3,0.5,0.5
"2021-10-07T02:00:00Z",5.192,40.557,25,0,1023.23,40.557,24.605,25,24.605,420,2.5,13021644,400,0.3,0.6,0.4
"2021-10-07T03:00:00Z",4.9445,40.695,25,0,1023.075,40.695,24.515,25,24.515,427,4,13021644,400,0.3,0.6,0.55
"2021-10-07T04:00:00Z",4.592,40.919,25,0,1023.21,40.919,24.455,25,24.455,430.5,4.5,13021644,395,0.3,0.7,0.5
"2021-10-07T05:00:00Z",4.4355,41.2345,25,0,1023.555,41.2345,24.36,25,24.36,418.5,2.5,13021644,400,0.3,0.45,0.4
"2021-10-07T06:00:00Z",4.193,41.321,25,0,1023.82,41.321,24.35,25,24.35,443,6,13021644,400,0.4,1.05,0.5
"2021-10-07T07:00:00Z",4.026,41.5075,25,0,1024.14,41.5075,24.18,25,24.18,529.5,19.5,13021644,397.5,1.5,3.55,2.4
"2021-10-07T08:00:00Z",3.8475,41.73,25,0,1024.465,41.73,24.65,25,24.65,455,8,13021644,400,1.35,3.15,1.9
"2021-10-07T09:00:00Z",3.729,42.1635,25,0,1024.73,42.1635,24.885,25,24.885,478,11.5,13021644,395,1.55,3.6,2.25
"2021-10-07T10:00:00Z",3.72,41.8465,25,0,1024.68,41.8465,25.235,25,25.235,564,24.5,13021644,400,1.75,3.95,2.4
"2021-10-07T11:00:00Z",3.8475,40.6365,25,0,1024.55,40.6365,25.58,25,25.58,461,8.5,13021644,397.5,1.35,3.6,2.05
"2021-10-07T12:00:00Z",4.053,40.214,25,0,1024.49,40.214,25.53,25,25.53,902,76,13021644,400,1.8,4.2,2.6
"2021-10-07T13:00:00Z",4.83,39.532,25,0,1024.14,39.532,25.765,25,25.765,660,39,13021644,400,1.3,3.7,2.1
"2021-10-07T14:00:00Z",5.4615,39.1895,25,0,1023.92,39.1895,25.895,25,25.895,516,17,13021644,400,0.65,1.65,0.95
"2021-10-07T15:00:00Z",5.9205,38.5055,25,0,1023.545,38.5055,26.035,25,26.035,464.5,9.5,13021644,400,0.65,1.95,1.15
"2021-10-07T16:00:00Z",6.14,38.576505,25,0,1023.29,38.5765,26.06,25,26.06,547,22,13021644,400,0.6,1.3,0.9
"2021-10-07T17:00:00Z",6.366,38.601,25,0,1023.45,38.601,25.905,25,25.905,433,5,13021644,400,0.6,1.5,0.9
"2021-10-07T18:00:00Z",6.64,38.2095,25,0,1023.895,38.2095,25.575,25,25.575,430,4,13021644,400,0.6,1.55,0.8
"2021-10-07T19:00:00Z",6.8075,39.368,25,0,1024.445,39.368,25.315,25,25.315,452,7,13021644,395,0.75,1.6,1.1
"2021-10-07T20:00:00Z",6.4225,41.381,25,0,1024.515,41.381,24.995,25,24.995,424,3.5,13021644,400,1.05,3.6,1.6
"2021-10-07T21:00:00Z",6.33,42.980495,25,0,1024.535,42.9805,24.93,25,24.93,425.5,3.5,13021644,400,1.35,4.2,1.95
"2021-10-07T22:00:00Z",6.5005,43.486505,25,0,1024.55,43.4865,24.705,25,24.705,414,1.5,13021644,400,0.9,1.95,1.2
"2021-10-07T23:00:00Z",6.412,43.789,25,0,1024.71,43.789,24.605,25,24.605,420.5,2.5,13021644,400,0.85,1.25,1.05
"2021-10-08T00:00:00Z",6.3905,43.624,25,0,1024.82,43.624,24.62,25,24.62,419,2.5,13021644,400,0.55,1.3,0.9
"2021-10-08T01:00:00Z",6.644,43.794495,25,0,1024.76,43.7945,24.45,25,24.45,421,2.5,13021644,397.5,0.45,0.5,0.5
"2021-10-08T02:00:00Z",6.7205,44.0525,25,0,1024.88,44.0525,24.39,25,24.39,416.5,2,13021644,397.5,0.4,0.75,0.55
"2021-10-08T03:00:00Z",6.4395,43.5815,25,0,1024.84,43.5815,24.54,25,24.54,417,2,13021644,400,0.4,0.55,0.55
"2021-10-08T04:00:00Z",5.9265,43.283,25,0,1024.85,43.283,24.565,25,24.565,432.5,4.5,13021644,395,0.4,0.7,0.55
"2021-10-08T05:00:00Z",5.342,42.9375,25,0,1025,42.9375,24.54,25,24.54,422,3,13021644,400,0.35,0.6,0.55
"2021-10-08T06:00:00Z",4.638,42.837,25,0,1025.08,42.837,24.47,25,24.47,835,65.5,13021644,400,0.7,1.7,1.1
"2021-10-08T07:00:00Z",4.327,43.208,25,0,1025.455,43.208,24.08,25,24.08,349.5,22.5,13021644,400,1.45,2.65,2.05
"2021-10-08T08:00:00Z",4.1355,42.7375,25,0,1025.81,42.7375,24.43,25,24.43,0,0,13021644,400,1.85,4.65,2.45
"2021-10-08T09:00:00Z",4.032,42.4325,25,0,1025.73,42.4325,24.43,25,24.43,0,0,13021644,400,2.25,5.05,3.35
"2021-10-08T10:00:00Z",4.1255,40.8135,25,0,1025.425,40.8135,25.015,25,25.015,0,0,13021644,397.5,1.55,2.75,2
"2021-10-08T11:00:00Z",4.8955,38.075005,25,0,1025.05,38.075,25.54,25,25.54,0,0,13021644,397.5,1.25,3,2
"2021-10-08T12:00:00Z",5.495,38.527,25,0,1024.74,38.527,25.67,25,25.67,0,0,13021644,400,0.9,1.5,1.1
"2021-10-08T13:00:00Z",6.3125,39.075,25,0,1024.28,39.075,25.595,25,25.595,0,0,13021644,400,0.6,1.9,0.9
"2021-10-08T14:00:00Z",6.6975,39.442,25,0,1023.8,39.442,25.86,25,25.86,0,0,13021644,400,0.8,1.4,0.85
"2021-10-08T15:00:00Z",6.885,40.045,25,0,1023.375,40.045,25.975,25,25.975,0,0,13021644,397.5,0.5,0.75,0.55
"2021-10-08T16:00:00Z",7.069,40.2,25,0,1022.98,40.2,25.94,25,25.94,0,0,13021644,400,0.55,1,0.85
"2021-10-08T17:00:00Z",7.6025,40.1315,25,0,1022.85,40.1315,25.765,25,25.765,0,0,13021644,397.5,0.65,1.3,0.85
"2021-10-08T18:00:00Z",7.9265,40.494,25,0,1023.095,40.494,25.45,25,25.45,0,0,13021644,400,0.5,1.35,0.75
"2021-10-08T19:00:00Z",7.893,41.4115,25,0,1023.33,41.4115,25.075,25,25.075,0,0,13021644,397.5,0.4,0.55,0.55
"2021-10-08T20:00:00Z",6.937,41.426005,25,0,1023.38,41.426,25.105,25,25.105,0,0,13021644,397.5,0.5,0.85,0.6
"2021-10-08T21:00:00Z",6.226,41.9385,25,0,1023.59,41.9385,24.975,25,24.975,0,0,13021644,397.5,0.55,0.85,0.85
"2021-10-08T22:00:00Z",5.821,42.4295,25,0,1023.29,42.4295,24.785,25,24.785,0,0,13021644,400,0.6,0.8,0.75
"2021-10-08T23:00:00Z",5.5125,42.5905,25,0,1023.105,42.5905,24.785,25,24.785,0,0,13021644,397.5,0.6,0.9,0.75
"2021-10-09T00:00:00Z",5.2215,42.8445,25,0,1022.72,42.8445,24.71,25,24.71,0,0,13021644,400,0.5,1,0.65
"2021-10-09T01:00:00Z",5.105,43.111495,25,0,1022.615,43.1115,24.55,25,24.55,0,0,13021644,400,0.5,0.6,0.55
"2021-10-09T02:00:00Z",5.041,42.988,25,0,1022.44,42.988,24.54,25,24.54,0,0,13021644,400,0.5,0.95,0.8
"2021-10-09T03:00:00Z",4.957,43.124,25,0,1022.35,43.124,24.47,25,24.47,0,0,13021644,400,0.5,0.8,0.65
"2021-10-09T04:00:00Z",4.7175,43.3105,25,0,1022.31,43.3105,24.48,25,24.48,0,0,13021644,397.5,0.65,0.85,0.8
"2021-10-09T05:00:00Z",4.4805,43.083,25,0,1022.25,43.083,24.42,25,24.42,0,0,13021644,400,0.6,0.9,0.75
"2021-10-09T06:00:00Z",4.1365,42.931,25,0,1022.22,42.931,24.405,25,24.405,0,0,13021644,397.5,0.65,1.15,0.95
"2021-10-09T07:00:00Z",3.9305,42.689,25,0,1022.735,42.689,24.325,25,24.325,0,0,13021644,400,1.15,1.9,1.5
"2021-10-09T08:00:00Z",3.8815,42.3635,25,0,1023.3,42.3635,24.29,25,24.29,0,0,13021644,400,1.7,2.55,2.3
"2021-10-09T09:00:00Z",3.9585,42.311,25,0,1023.545,42.311,24.265,25,24.265,0,0,13021644,397.5,1.9,3.25,2.45
"2021-10-09T10:00:00Z",4.056,41.672,25,0,1023.49,41.672,24.54,25,24.54,0,0,13021644,400,2.1,4.3,3.2
"2021-10-09T11:00:00Z",4.359,40.217,25,0,1023.075,40.217,25.145,25,25.145,0,0,13021644,400,2.3,4.05,3.3
"2021-10-09T12:00:00Z",5.3145,38.501,25,0,1022.87,38.501,25.565,25,25.565,0,0,13021644,397.5,2.4,3.7,3.1
"2021-10-09T13:00:00Z",7.081,38.024,25,0,1022.54,38.024,25.305,25,25.305,0,0,13021644,395,2.05,3.5,2.7
"2021-10-09T14:00:00Z",8.5175,38.1765,25,0,1022.185,38.1765,25.3,25,25.3,0,0,13021644,400,1.65,2.5,1.95
"2021-10-09T15:00:00Z",9.2375,38.091,25,0,1021.91,38.091,25.475,25,25.475,0,0,13021644,400,1.25,1.55,1.45
"2021-10-09T16:00:00Z",9.1645,38.1895,25,0,1021.695,38.1895,25.515,25,25.515,0,0,13021644,400,1.15,1.45,1.4
"2021-10-09T17:00:00Z",9.0255,38.2725,25,0,1021.81,38.2725,25.435,25,25.435,0,0,13021644,400,1.2,1.85,1.5
"2021-10-09T18:00:00Z",8.6950005,38.939995,25,0,1022,38.94,25.175,25,25.175,0,0,13021644,400,1.25,1.85,1.6
"2021-10-09T19:00:00Z",7.7765,39.0995,25,0,1022.3,39.0995,25.145,25,25.145,0,0,13021644,400,1.45,1.9,1.75
"2021-10-09T20:00:00Z",6.8175,39.391,25,0,1022.565,39.391,25.015,25,25.015,0,0,13021644,397.5,1.65,2.05,2
"2021-10-09T21:00:00Z",6.0285,39.592505,25,0,1023.045,39.5925,24.88,25,24.88,0,0,13021644,400,1.65,2.25,2.1
"2021-10-09T22:00:00Z",5.5265,40.0035,25,0,1023.25,40.0035,24.7,25,24.7,0,0,13021644,400,1.7,2.3,2.3
"2021-10-09T23:00:00Z",5.078,40.3545,25,0,1023.12,40.3545,24.605,25,24.605,0,0,13021644,400,1.6,2.25,2.1
"2021-10-10T00:00:00Z",4.908,40.672,25,0,1023.14,40.672,24.63,25,24.63,0,0,13021644,397.5,1.5,1.95,1.85
"2021-10-10T01:00:00Z",4.678,41.2075,25,0,1023.19,41.2075,24.555,25,24.555,0,0,13021644,397.5,1.55,2.1,1.95
"2021-10-10T02:00:00Z",4.5285,41.5935,25,0,1023.075,41.5935,24.475,25,24.475,0,0,13021644,400,1.5,2,1.9
"2021-10-10T03:00:00Z",4.426,41.8015,25,0,1022.91,41.8015,24.445,25,24.445,0,0,13021644,397.5,1.55,2.2,1.9
"2021-10-10T04:00:00Z",4.3775,41.486,25,0,1022.94,41.486,24.475,25,24.475,0,0,13021644,397.5,1.4,2,1.7
"2021-10-10T05:00:00Z",4.341,41.2795,25,0,1023.025,41.2795,24.435,25,24.435,0,0,13021644,400,1.4,2,1.85
"2021-10-10T06:00:00Z",4.227,41.303,25,0,1023.17,41.303,24.295,25,24.295,0,0,13021644,397.5,1.6,2.4,2.05
"2021-10-10T07:00:00Z",4.0685,40.9165,25,0,1023.52,40.9165,24.36,25,24.36,0,0,13021644,397.5,1.8,2.55,2.35
"2021-10-10T08:00:00Z",4.2135,40.69049,25,0,1023.82,40.6905,24.22,25,24.22,0,0,13021644,397.5,3,5,3.95
"2021-10-10T09:00:00Z",4.5115,40.524,25,0,1023.955,40.524,24.24,25,24.24,0,0,13021644,400,2.9,4.85,3.95
"2021-10-10T10:00:00Z",4.995,39.274995,25,0,1024.37,39.275,24.615,25,24.615,0,0,13021644,400,2.7,4.05,3.75
"2021-10-10T11:00:00Z",5.75,38.008,25,0,1024.39,38.008,25.02,25,25.02,0,0,13021644,400,2.5,3.5,2.9
"2021-10-10T12:00:00Z",6.6875,37.3385,25,0,1024.35,37.3385,25.41,25,25.41,0,0,13021644,400,2.7,4.4,3.5
"2021-10-10T13:00:00Z",8.1905,37.8145,25,0,1023.935,37.8145,25.25,25,25.25,0,0,13021644,397.5,2.25,3.6,3.05
"2021-10-10T14:00:00Z",8.654,37.939,25,0,1023.49,37.939,25.465,25,25.465,0,0,13021644,400,1.4,2.25,1.8
"2021-10-10T15:00:00Z",8.986,38.478,25,0,1023.26,38.478,25.535,25,25.535,0,0,13021644,397.5,1.3,1.85,1.65
"2021-10-10T16:00:00Z",9.424,38.5705,25,0,1023.21,38.5705,25.45,25,25.45,0,0,13021644,400,1.3,1.85,1.5
"2021-10-10T17:00:00Z",9.6305,38.864,25,0,1023.34,38.864,25.34,25,25.34,0,0,13021644,395,1.5,2,1.95
"2021-10-10T18:00:00Z",9.4455,39.291,25,0,1023.71,39.291,25.155,25,25.155,0,0,13021644,400,1.65,2.4,1.95
"2021-10-10T19:00:00Z",8.9915,39.5735,25,0,1024.09,39.5735,25.035,25,25.035,0,0,13021644,397.5,1.85,2.6,2.15
"2021-10-10T20:00:00Z",8.3275,39.8395,25,0,1024.32,39.8395,24.905,25,24.905,0,0,13021644,400,2.05,2.95,2.6
"2021-10-10T21:00:00Z",7.5845,40.299,25,0,1024.6,40.299,24.695,25,24.695,0,0,13021644,400,2.25,3,2.75
"2021-10-10T22:00:00Z",6.9665,40.413,25,0,1024.77,40.413,24.7,25,24.7,0,0,13021644,400,2.4,3.1,2.9
"2021-10-10T23:00:00Z",6.6225,40.8145,25,0,1024.8,40.8145,24.655,25,24.655,0,0,13021644,397.5,2.25,3.15,2.9
"2021-10-11T00:00:00Z",6.488,41.169,25,0,1024.85,41.169,24.61,25,24.61,0,0,13021644,400,2.15,2.95,2.9
"2021-10-11T01:00:00Z",6.496,41.664,25,0,1024.7,41.664,24.565,25,24.565,0,0,13021644,397.5,2.15,2.95,2.55
"2021-10-11T02:00:00Z",6.545,42.54399,25,0,1024.6,42.544,24.36,25,24.36,0,0,13021644,400,2.1,2.7,2.7
"2021-10-11T10:00:00Z",9.734,38.978,25,0,1025.91,38.978,25.07,25,25.07,441,6,13021644,400,1.9,4.4,2.9
"2021-10-11T11:00:00Z",7.3915,38.838,25,0,1025.855,38.838,25.13,25,25.13,559,24,13021644,400,1.35,3.6,2.45
"2021-10-11T12:00:00Z",6.983,37.0435,25,0,1025.855,37.0435,25.57,25,25.57,493.5,14,13021644,397.5,1.2,2.45,1.7
"2021-10-11T13:00:00Z",6.1705,37.1185,25,0,1025.365,37.1185,25.65,25,25.65,602.5,30.5,13021644,400,0.55,1.25,0.85
"2021-10-11T14:00:00Z",6.259,36.093,25,0,1025.025,36.093,25.695,25,25.695,578,26.5,13021644,400,1.4,2.85,2.05
"2021-10-11T15:00:00Z",7.7925,35.158,25,0,1024.76,35.158,25.84,25,25.84,445.5,6.5,13021644,397.5,1.25,2.75,1.95
"2021-10-11T16:00:00Z",6.67533333333333,33.16532,25,0,1024.69333333333,33.3213333333333,27.1433333333333,25,27.14322,412,1.66666666666667,9916152,402.666666666667,0.633333333333333,1.43333333333333,0.9
"2021-10-11T17:00:00Z",6.3805,32.990585,25,0,1024.855,33.389,27.0275,25,27.02733,432,4.5,8363406,403.5,0.525,0.75,0.65
"2021-10-11T18:00:00Z",7.27466666666667,34.2890166666667,25,0,1024.93666666667,34.6046666666667,26.2966666666667,25,26.2965533333333,474.666666666667,11,9916152,402,0.866666666666667,2.13333333333333,1.23333333333333
"2021-10-11T19:00:00Z",6.47025,33.588595,25,0,1025.22,34.1955,26.8725,25,26.87233,439,5.25,8363406,402.5,0.3,0.65,0.5
"2021-10-11T20:00:00Z",6.6115,38.276,25,0,1025.325,38.276,24.87,25,24.87,407,0.5,13021644,400,0.6,1,0.9
"2021-10-11T21:00:00Z",6.322,38.467,25,0,1025.17,38.467,24.75,25,24.75,421,3,13021644,400,0.5,0.7,0.6
"2021-10-11T22:00:00Z",6.269,38.576,25,0,1025.11,38.576,24.705,25,24.705,429.5,4,13021644,400,0.45,0.8,0.7
"2021-10-11T23:00:00Z",6.26,38.760005,25,0,1025.07,38.76,24.62,25,24.62,416,2,13021644,397.5,0.4,0.75,0.6
"2021-10-12T00:00:00Z",6.1945,38.878,25,0,1024.9,38.878,24.63,25,24.63,426.5,3.5,13021644,397.5,0.4,0.6,0.45
"2021-10-12T01:00:00Z",6.1715,38.6865,25,0,1024.46,38.6865,24.695,25,24.695,417.5,2,13021644,400,0.35,0.6,0.55
"2021-10-12T02:00:00Z",6.0775,38.7435,25,0,1023.985,38.7435,24.65,25,24.65,429.5,4,13021644,397.5,0.3,0.5,0.5
"2021-10-12T03:00:00Z",6.093,38.86,25,0,1023.355,38.86,24.51,25,24.51,426.5,3.5,13021644,400,0.3,0.45,0.45
"2021-10-12T04:00:00Z",5.925,38.6895,25,0,1022.985,38.6895,24.51,25,24.51,416.5,2,13021644,397.5,0.35,0.65,0.65
"2021-10-12T05:00:00Z",5.773,38.538,25,0,1022.86,38.538,24.53,25,24.53,426.5,3.5,13021644,397.5,0.3,0.7,0.55
"2021-10-12T06:00:00Z",5.165,38.4285,25,0,1022.76,38.4285,24.545,25,24.545,442.5,6,13021644,400,0.35,0.7,0.5
"2021-10-12T07:00:00Z",4.6105,38.234,25,0,1022.78,38.234,24.39,25,24.39,465.5,9.5,13021644,400,1.3,3.45,2.1
"2021-10-12T08:00:00Z",4.445,38.314,25,0,1022.655,38.314,24.5,25,24.5,473,11,13021644,400,1.65,3.8,2.65
"2021-10-12T09:00:00Z",4.298,38.5155,25,0,1022.38,38.5155,24.6,25,24.6,539.5,21,13021644,400,1.95,4.75,3.05
"2021-10-12T10:00:00Z",4.5,38.025005,25,0,1021.91,38.025,24.81,25,24.81,448,7,13021644,400,2.6,6.15,4.15
"2021-10-12T11:00:00Z",5.4215,38.048,25,0,1021.5,38.048,25.075,25,25.075,514,17,13021644,400,3.15,8.15,5.1
"2021-10-12T12:00:00Z",5.917,37.802,25,0,1020.96,37.802,25.34,25,25.34,519,18,13021644,397.5,2.65,6.75,4.15
"2021-10-12T13:00:00Z",6.7475,37.6575,25,0,1020.125,37.6575,25.62,25,25.62,529.5,19.5,13021644,397.5,1.95,5.45,3.1
"2021-10-12T14:00:00Z",8.1315,37.482,25,0,1019.58,37.482,25.455,25,25.455,451.5,7.5,13021644,397.5,1.4,2.95,2.05
"2021-10-12T15:00:00Z",9.567,37.601995,25,0,1019.16,37.602,25.185,25,25.185,468.5,9.5,13021644,400,1.7,4,2.4
"2021-10-12T16:00:00Z",10.2265,38.763,25,0,1019.09,38.763,25.12,25,25.12,510.5,16.5,13021644,400,1.3,2.9,1.7
"2021-10-12T17:00:00Z",9.426,39.122,25,0,1019.12,39.122,25.035,25,25.035,450.5,7.5,13021644,400,1.3,2.6,1.85
"2021-10-12T18:00:00Z",9.0135,39.0655,25,0,1019.59,39.0655,24.885,25,24.885,429,4,13021644,397.5,1.3,3.45,1.85
"2021-10-12T19:00:00Z",7.74,39.9115,25,0,1019.97,39.9115,24.64,25,24.64,445.5,6.5,13021644,400,0.85,1.8,1.35
"2021-10-12T20:00:00Z",7.4185,40.651,25,0,1020.21,40.651,24.39,25,24.39,415,2,13021644,400,0.95,2,1.35
"2021-10-12T21:00:00Z",7.8195,40.8605,25,0,1020.305,40.8605,24.38,25,24.38,434,4.5,13021644,397.5,1.2,1.95,1.55
"2021-10-12T22:00:00Z",7.91,41.4855,25,0,1020.64,41.4855,24.23,25,24.23,453.5,7.5,13021644,397.5,1.2,2.35,1.7
"2021-10-12T23:00:00Z",7.1515,40.823005,25,0,1020.79,40.823,24.76,25,24.76,422,3,13021644,397.5,0.65,1.1,0.95
"2021-10-13T00:00:00Z",6.484,40.955,25,0,1020.97,40.955,24.84,25,24.84,403,0,13021644,400,0.6,1.1,0.8
"2021-10-13T01:00:00Z",6.21,41.094,25,0,1021.13,41.094,24.82,25,24.82,431,4,13021644,400,0.5,1.1,0.6
"2021-10-13T02:00:00Z",6.028,41.5595,25,0,1021.57,41.5595,24.68,25,24.68,428,4,13021644,400,0.4,0.95,0.5
"2021-10-13T03:00:00Z",5.976,41.0005,25,0,1021.755,41.0005,24.68,25,24.68,417.5,2,13021644,400,0.4,0.55,0.45
"2021-10-13T04:00:00Z",6,40.5655,25,0,1022.155,40.5655,24.5,25,24.5,414,1.5,13021644,400,0.3,0.65,0.45
"2021-10-13T05:00:00Z",5.929,39.7495,25,0,1022.505,39.7495,24.49,25,24.49,421,3,13021644,397.5,0.3,0.4,0.35
"2021-10-13T06:00:00Z",5.76,39.593,25,0,1022.985,39.593,23.905,25,23.905,427,3.5,13021644,400,0.75,1.7,1.15
"2021-10-13T07:00:00Z",5.1475,38.6465,25,0,1023.51,38.6465,24.12,25,24.12,560.5,24,13021644,400,1.2,2.95,1.75
"2021-10-13T08:00:00Z",4.8775,39.0105,25,0,1024.045,39.0105,23.935,25,23.935,526.5,19,13021644,400,1.8,4.55,2.7
"2021-10-13T09:00:00Z",4.7375,38.088005,25,0,1024.3,38.088,24.165,25,24.165,420,2.5,13021644,400,1.45,4.65,2
"2021-10-13T10:00:00Z",5.1215,36.4795,25,0,1024.56,36.4795,24.395,25,24.395,675.5,41.5,13021644,397.5,1.9,5.3,2.9
"2021-10-13T11:00:00Z",6.2125,33.576,25,0,1024.66,33.576,24.89,25,24.89,509,16.5,13021644,395,1.7,3.05,2.3
"2021-10-13T12:00:00Z",7.6705,34.5275,25,0,1024.69,34.5275,25.2,25,25.2,801,60.5,13021644,400,1.35,4.45,2.15
"2021-10-13T13:00:00Z",8.2445,33.7285,25,0,1024.65,33.7285,25.15,25,25.15,558,23.5,13021644,400,1.3,2.85,1.85
"2021-10-13T14:00:00Z",9.6835,33.424,25,0,1024.2,33.424,24.82,25,24.82,686,43,13021644,395,1.35,2.95,1.9
"2021-10-13T15:00:00Z",10.8845,31.589,25,0,1024.33,31.589,24.98,25,24.98,621.5,33.5,13021644,400,1.55,3.65,2.6
"2021-10-13T16:00:00Z",10.949,30.807,25,0,1024.21,30.807,24.96,25,24.96,505.5,16,13021644,400,1.05,2.45,1.65
"2021-10-13T17:00:00Z",11.402,32.413,25,0,1024.32,32.413,24.75,25,24.75,633.5,35,13021644,400,0.8,2.1,1.35
"2021-10-13T18:00:00Z",10.4845,32.3485,25,0,1024.61,32.3485,24.5,25,24.5,564.5,24.5,13021644,400,0.85,2.25,1.3
"2021-10-13T19:00:00Z",9.939,31.985,25,0,1024.935,31.985,24.335,25,24.335,420,2.5,13021644,400,1.05,2.6,1.45
"2021-10-13T20:00:00Z",7.335,32.54,25,0,1024.985,32.54,24.545,25,24.545,445.5,6.5,13021644,397.5,0.8,1.2,1.05
"2021-10-13T21:00:00Z",5.6715,32.813,25,0,1025.24,32.813,24.66,25,24.66,419,2.5,13021644,400,0.9,2.15,1.3
"2021-10-13T22:00:00Z",5.0455,33.33,25,0,1025.24,33.33,24.625,25,24.625,432.5,4.5,13021644,397.5,0.95,1.65,1.3
"2021-10-13T23:00:00Z",4.6865,33.8805,25,0,1025.355,33.8805,24.555,25,24.555,417,2,13021644,400,1.15,1.8,1.4
"2021-10-14T00:00:00Z",4.4835,34.438,25,0,1025.365,34.438,24.455,25,24.455,425,3.5,13021644,400,1.35,2,1.95
"2021-10-14T01:00:00Z",4.354,35.007,25,0,1025.325,35.007,24.285,25,24.285,418.5,2.5,13021644,397.5,1.45,2.05,1.95
"2021-10-14T02:00:00Z",4.254,35.2855,25,0,1025.005,35.2855,24.275,25,24.275,409.5,1,13021644,400,1.65,2.3,2.05
"2021-10-14T03:00:00Z",4.207,35.822,25,0,1024.72,35.822,24.01,25,24.01,417,2,13021644,400,1.7,2,1.9
"2021-10-14T04:00:00Z",4.1535,35.976,25,0,1024.75,35.976,23.975,25,23.975,418.5,2.5,13021644,400,1.7,2.5,2.2
"2021-10-14T05:00:00Z",4.093,35.748,25,0,1024.92,35.748,24.105,25,24.105,423,3,13021644,397.5,1.6,2.45,2.15
"2021-10-14T06:00:00Z",4.0525,35.848005,25,0,1025.005,35.848,24.025,25,24.025,485.5,12.5,13021644,400,1.8,3.35,2.5
"2021-10-14T07:00:00Z",4.0545,37.5105,25,0,1025.03,37.5105,22.295,25,22.295,426,3.5,13021644,397.5,4,6.15,5.25
"2021-10-14T08:00:00Z",4.1505,38.3155,25,0,1025.02,38.3155,22.155,25,22.155,457,8.5,13021644,400,5.65,11.35,7.9
"2021-10-14T09:00:00Z",4.2125,36.055,25,0,1024.985,36.055,23.845,25,23.845,476.5,11,13021644,395,4.05,7.1,5.45
"2021-10-14T10:00:00Z",4.278,35.2815,25,0,1024.72,35.2815,24.39,25,24.39,454,7.5,13021644,395,3.75,7.4,5.45
"2021-10-14T11:00:00Z",4.3515,34.0705,25,0,1024.21,34.0705,25.03,25,25.03,447.5,6.5,13021644,397.5,2.65,6.45,3.95
"2021-10-14T12:00:00Z",4.4855,33.329,25,0,1023.55,33.329,25.17,25,25.17,503.5,15.5,13021644,397.5,1.6,3.35,2.3
"2021-10-14T13:00:00Z",4.5635,32.936,25,0,1022.795,32.936,25.225,25,25.225,422.5,3,13021644,397.5,1.65,4.35,2.4
"2021-10-14T14:00:00Z",5.777,32.4765,25,0,1021.825,32.4765,25.365,25,25.365,1160,271.5,13021644,400,1.95,3.25,2.65
"2021-10-14T15:00:00Z",7.263,32.261,25,0,1021.145,32.261,25.46,25,25.46,582.5,27,13021644,400,1.3,2.65,1.65
"2021-10-14T16:00:00Z",8.39,32.5365,25,0,1020.57,32.5365,25.245,25,25.245,432,4.5,13021644,400,1.45,3.4,1.95
"2021-10-14T17:00:00Z",9.5745,32.527005,25,0,1020.15,32.527,25.215,25,25.215,408.5,1,13021644,397.5,1.6,3.45,2.1
"2021-10-14T18:00:00Z",9.693,33.705,25,0,1019.83,33.705,24.7,25,24.7,420.5,2.5,13021644,397.5,2.1,3.55,2.85
"2021-10-14T19:00:00Z",7.848,35.166,25,0,1019.68,35.166,24.675,25,24.675,425.5,3.5,13021644,397.5,1.2,2.75,1.85
"2021-10-14T20:00:00Z",6.0435,35.9475,25,0,1019.335,35.9475,24.31,25,24.31,429.5,4,13021644,400,1.5,3.35,2.1
"2021-10-14T21:00:00Z",5.2465,35.974,25,0,1019.05,35.974,24.505,25,24.505,438.5,5.5,13021644,400,1.3,2.15,1.65
"2021-10-14T22:00:00Z",4.8065,36.293,25,0,1018.75,36.293,24.465,25,24.465,425.5,3.5,13021644,400,1.7,2.7,2.3
"2021-10-14T23:00:00Z",4.605,36.54601,25,0,1018.34,36.546,24.365,25,24.365,430,4,13021644,400,2.25,3.75,2.9
"2021-10-15T00:00:00Z",4.4455,36.0595,25,0,1017.77,36.0595,24.52,25,24.52,420,2.5,13021644,400,1.3,1.7,1.55
"2021-10-15T01:00:00Z",4.341,36.060505,25,0,1017.11,36.0605,24.46,25,24.46,427,3.5,13021644,400,1,1.9,1.45
"2021-10-15T02:00:00Z",4.2975,36.007,25,0,1016.83,36.007,24.425,25,24.425,423.5,3.5,13021644,400,1,1.3,1.2
"2021-10-15T03:00:00Z",4.2925,36.0305,25,0,1016.45,36.0305,24.345,25,24.345,440,5.5,13021644,400,0.95,1.6,1.1
"2021-10-15T04:00:00Z",4.2295,36.224995,25,0,1016.175,36.225,24.28,25,24.28,433,4.5,13021644,400,1,1.3,1.3
"2021-10-15T05:00:00Z",4.1835,36.677,25,0,1015.91,36.677,24.135,25,24.135,425.5,3.5,13021644,400,1.2,1.65,1.55
"2021-10-15T06:00:00Z",4.16,37.092,25,0,1015.68,37.092,23.94,25,23.94,419,2,13021644,397.5,2.4,3.4,3
"2021-10-15T07:00:00Z",4.214,38.48,25,0,1015.97,38.48,23.045,25,23.045,430.5,4,13021644,400,5,8.3,6.55
"2021-10-15T08:00:00Z",4.25,38.325,25,0,1016.225,38.325,23.61,25,23.61,728,49.5,13021644,397.5,5.15,10,6.95
"2021-10-15T09:00:00Z",4.233,38.3835,25,0,1016.45,38.3835,23.965,25,23.965,500,15,13021644,397.5,3.7,6.8,5.05
"2021-10-15T10:00:00Z",4.259,38.129005,25,0,1016.675,38.129,24.39,25,24.39,516.5,17,13021644,400,4.9,8.3,6.65
"2021-10-15T11:00:00Z",4.2745,37.5335,25,0,1016.82,37.5335,24.76,25,24.76,414.5,1.5,13021644,400,4.3,8.45,5.85
"2021-10-15T12:00:00Z",4.3335,37.719,25,0,1016.505,37.719,25.165,25,25.165,425.5,3.5,13021644,397.5,3.2,6.7,4.15
"2021-10-15T13:00:00Z",4.5315,37.638,25,0,1016.29,37.638,25.195,25,25.195,452,7.5,13021644,400,3.15,6,4.4
"2021-10-15T14:00:00Z",4.794,38.548,25,0,1016.29,38.548,25.23,25,25.23,728,49,13021644,400,2.6,4.1,3.4
"2021-10-15T15:00:00Z",5.0115,38.191505,25,0,1016.195,38.1915,25.415,25,25.415,661,39.5,13021644,400,2,4.1,2.95
"2021-10-15T16:00:00Z",5.2705,39.0635,25,0,1016,39.0635,25.18,25,25.18,539,21,13021644,400,2.1,5.1,2.7
"2021-10-15T17:00:00Z",5.621,39.724,25,0,1016.23,39.724,25.06,25,25.06,481,12,13021644,397.5,1.3,3,1.95
"2021-10-15T18:00:00Z",5.7645,40.341,25,0,1016.575,40.341,24.87,25,24.87,416.5,2,13021644,395,1.45,2.45,2.1
"2021-10-15T19:00:00Z",5.6575,40.5275,25,0,1016.78,40.5275,24.825,25,24.825,413,1.5,13021644,400,1.2,2.25,1.75
"2021-10-15T20:00:00Z",4.935,41.2215,25,0,1017.165,41.2215,24.69,25,24.69,405.5,0.5,13021644,400,1.05,2.3,1.6
"2021-10-15T21:00:00Z",4.5325,42.227005,25,0,1017.515,42.227,24.61,25,24.61,424.5,3.5,13021644,400,1.05,1.25,1.15
"2021-10-15T22:00:00Z",4.365,42.901,25,0,1017.77,42.901,24.695,25,24.695,419,2.5,13021644,397.5,0.85,1.45,1.25
"2021-10-15T23:00:00Z",4.2835,43.282,25,0,1017.975,43.282,24.735,25,24.735,409,1,13021644,397.5,0.75,0.95,0.9
"2021-10-16T00:00:00Z",4.3015,43.02,25,0,1018.025,43.02,24.715,25,24.715,414,1.5,13021644,400,0.7,1,0.8
"2021-10-16T01:00:00Z",4.3855,42.5185,25,0,1018.1,42.5185,24.66,25,24.66,419,2.5,13021644,397.5,0.6,0.85,0.8
"2021-10-16T02:00:00Z",4.597,42.156,25,0,1017.945,42.156,24.51,25,24.51,416.5,2,13021644,397.5,0.6,0.75,0.65
"2021-10-16T03:00:00Z",4.75,41.6245,25,0,1017.7,41.6245,24.53,25,24.53,417,2.5,13021644,400,0.6,0.8,0.75
"2021-10-16T04:00:00Z",4.9335,41.3595,25,0,1017.515,41.3595,24.34,25,24.34,420,2.5,13021644,400,0.6,0.75,0.75
"2021-10-16T05:00:00Z",4.9755,40.8675,25,0,1017.62,40.8675,24.33,25,24.33,426,3,13021644,400,0.65,0.8,0.75
"2021-10-16T06:00:00Z",4.6055,40.6805,25,0,1017.94,40.6805,24.29,25,24.29,444.5,6.5,13021644,397.5,0.7,1.4,1
"2021-10-16T07:00:00Z",4.31,40.2805,25,0,1018.015,40.2805,24.285,25,24.285,441.5,6,13021644,397.5,0.75,1.35,1.1
"2021-10-16T08:00:00Z",4.271,39.907,25,0,1018.455,39.907,24.26,25,24.26,462.5,9,13021644,397.5,0.95,2.1,1.2
"2021-10-16T09:00:00Z",4.231,39.787,25,0,1018.58,39.787,24.285,25,24.285,418.5,2.5,13021644,400,0.7,1.55,0.85
"2021-10-16T10:00:00Z",4.249,38.605,25,0,1018.74,38.605,24.83,25,24.83,417.5,2.5,13021644,400,0.7,1.6,0.95
"2021-10-16T11:00:00Z",4.4475,37.085505,25,0,1018.55,37.0855,25.37,25,25.37,428.5,4,13021644,400,0.8,1.35,0.95
"2021-10-16T12:00:00Z",4.613,37.1485,25,0,1018.28,37.1485,25.12,25,25.12,428,3.5,13021644,400,0.7,1.4,0.9
"2021-10-16T13:00:00Z",5.1765,36.1395,25,0,1017.555,36.1395,25.235,25,25.235,416,2,13021644,400,0.55,1.15,0.7
"2021-10-16T14:00:00Z",5.867,35.406,25,0,1017.19,35.406,25.25,25,25.25,409,1,13021644,400,0.5,1,0.6
"2021-10-16T15:00:00Z",6.1165,35.312,25,0,1016.82,35.312,25.205,25,25.205,410,1,13021644,400,0.5,0.6,0.55
"2021-10-16T16:00:00Z",6.5625,34.75,25,0,1016.57,34.75,25.14,25,25.14,414,1.5,13021644,400,0.5,0.7,0.65
"2021-10-16T17:00:00Z",6.9225,34.3905,25,0,1016.68,34.3905,24.98,25,24.98,409,1,13021644,397.5,0.5,0.9,0.55
"2021-10-16T18:00:00Z",7.122,34.523005,25,0,1016.85,34.523,24.835,25,24.835,425,3,13021644,400,0.45,0.95,0.75
"2021-10-16T19:00:00Z",7.172,34.6975,25,0,1017.29,34.6975,24.715,25,24.715,416.5,2,13021644,397.5,0.55,0.9,0.65
"2021-10-16T20:00:00Z",6.8885,34.6695,25,0,1017.26,34.6695,24.71,25,24.71,417,2,13021644,400,0.7,1.05,0.85
"2021-10-16T21:00:00Z",6.5625,34.6825,25,0,1017.46,34.6825,24.62,25,24.62,416,2,13021644,400,0.75,1,0.9
"2021-10-16T22:00:00Z",6.42,34.641,25,0,1017.5,34.641,24.66,25,24.66,407,1,13021644,397.5,0.9,1.2,1.15
"2021-10-16T23:00:00Z",6.061,34.72,25,0,1017.26,34.72,24.595,25,24.595,418,2.5,13021644,400,0.9,1.15,1.1
"2021-10-17T00:00:00Z",5.6815,34.795,25,0,1017,34.795,24.525,25,24.525,424.5,3,13021644,400,0.95,1.2,1.15
"2021-10-17T01:00:00Z",5.6415,34.827505,25,0,1016.89,34.8275,24.425,25,24.425,426.5,3.5,13021644,400,0.95,1.35,1.15
"2021-10-17T02:00:00Z",5.676,34.833,25,0,1016.67,34.833,24.34,25,24.34,435.5,4.5,13021644,397.5,0.9,1.2,1.15
"2021-10-17T03:00:00Z",5.5655,34.9105,25,0,1016.63,34.9105,24.24,25,24.24,415,2,13021644,400,0.8,1.35,1.15
"2021-10-18T16:00:00Z",8.924,45.703,25,0,1017.17,45.703,25.39,25,25.39,485,12,13021644,395,2.3,5.6,3.5
"2021-10-18T17:00:00Z",5.404,46.9335,25,0,1017.27,46.9335,25.08,25,25.08,417,2,13021644,400,2.4,3.7,3.05
"2021-10-18T18:00:00Z",4.4535,47.824005,25,0,1017.565,47.824,24.905,25,24.905,409,0.5,13021644,397.5,2.1,3.5,2.7
"2021-10-18T19:00:00Z",3.893,50.1425,25,0,1017.74,50.1425,24.605,25,24.605,414.5,1.5,13021644,397.5,2.15,3.85,2.9
"2021-10-18T20:00:00Z",3.663,49.974,25,0,1017.76,49.974,24.55,25,24.55,414.5,2,13021644,400,2,3.3,2.9
"2021-10-18T21:00:00Z",3.585,49.501,25,0,1017.88,49.501,24.69,25,24.69,417,2,13021644,395,1.8,2.2,2.1
"2021-10-18T22:00:00Z",3.5815,49.6885,25,0,1017.67,49.6885,24.695,25,24.695,411,1,13021644,400,1.85,2.65,2.35
"2021-10-18T23:00:00Z",3.511,49.936,25,0,1017.185,49.936,24.695,25,24.695,405.5,0.5,13021644,400,1.8,2.5,2.1
"2021-10-19T00:00:00Z",3.517,50.277,25,0,1016.99,50.277,24.685,25,24.685,411.5,1.5,13021644,400,1.7,2.4,2.05
"2021-10-19T01:00:00Z",3.5875,50.86,25,0,1016.88,50.86,24.715,25,24.715,415,1.5,13021644,400,1.65,2.35,2.1
"2021-10-19T02:00:00Z",3.7225,51.118,25,0,1017,51.118,24.77,25,24.77,417.5,2.5,13021644,400,1.3,1.5,1.5
"2021-10-19T03:00:00Z",3.8995,50.894,25,0,1016.91,50.894,24.895,25,24.895,417.5,2.5,13021644,400,1.15,1.4,1.4
"2021-10-19T04:00:00Z",3.9735,50.9435,25,0,1016.88,50.9435,24.885,25,24.885,409.5,1,13021644,397.5,1.1,1.4,1.3
"2021-10-19T05:00:00Z",4.091,51.587,25,0,1017.105,51.587,24.545,25,24.545,409.5,1,13021644,400,1.35,2.2,1.7
"2021-10-19T06:00:00Z",3.95,50.5145,25,0,1017.12,50.5145,24.705,25,24.705,415.5,2,13021644,400,1.25,1.9,1.55
"2021-10-19T07:00:00Z",3.735,51.086,25,0,1017.24,51.086,24.6,25,24.6,409,1,13021644,400,1.7,2.6,2.15
"2021-10-19T08:00:00Z",3.7265,52.165995,25,0,1017.495,52.166,24.54,25,24.54,437,5.5,13021644,397.5,2.25,4.15,3.1
"2021-10-19T09:00:00Z",3.8115,51.500495,25,0,1017.79,51.5005,24.925,25,24.925,2259.5,1355.5,13021644,400,2.35,5.15,3.25
"2021-10-19T10:00:00Z",4.2,50.3105,25,0,1017.8,50.3105,25.21,25,25.21,431,4,13021644,397.5,2.05,3.85,2.65
"2021-10-19T11:00:00Z",3.842,45.82845,25,0,1017.56333333333,47.0173333333333,26.46,25,26.4598866666667,280,1.66666666666667,9916152,401.666666666667,1.36666666666667,2.4,1.66666666666667
"2021-10-19T12:00:00Z",4.45233333333333,44.3768866666667,25,0,1016.88666666667,44.8946666666667,26.86,25,26.8598866666667,275.666666666667,1,9916152,402,1.43333333333333,2.73333333333333,1.9
"2021-10-19T13:00:00Z",5.886,44.0935,25,0,1015.965,44.0935,26.515,25,26.515,486,12.5,13021644,400,2.2,4.25,2.85
"2021-10-19T14:00:00Z",6.443,42.925,25,0,1015.095,42.925,26.455,25,26.455,525,18.5,13021644,397.5,1.75,3.3,2.3
"2021-10-19T15:00:00Z",6.938,42.198,25,0,1014.62,42.198,26.52,25,26.52,482,12,13021644,400,1.5,2.3,1.9
"2021-10-19T16:00:00Z",7.0405,42.19,25,0,1014.11,42.19,26.405,25,26.405,455,8,13021644,400,1.65,2.7,2.1
"2021-10-19T17:00:00Z",7.1795,42.379505,25,0,1013.87,42.3795,26.195,25,26.195,450.5,7.5,13021644,397.5,1.5,2.6,1.85
"2021-10-19T18:00:00Z",7.072,41.813,25,0,1013.83,41.813,26.365,25,26.365,467.5,10,13021644,400,1.85,3.2,2.6
"2021-10-19T19:00:00Z",6.5985,43.085005,25,0,1013.97,43.085,25.715,25,25.715,413,1.5,13021644,397.5,1.5,2.6,1.9
"2021-10-19T20:00:00Z",5.615,43.5595,25,0,1013.805,43.5595,25.39,25,25.39,417.5,2.5,13021644,397.5,1.2,1.75,1.45
"2021-10-19T21:00:00Z",5.0385,43.653995,25,0,1013.425,43.654,25.34,25,25.34,511,16.5,13021644,400,1.05,1.7,1.45
"2021-10-19T22:00:00Z",4.848,43.674505,25,0,1012.955,43.6745,25.28,25,25.28,407,0.5,13021644,400,0.95,1.5,1.35
"2021-10-19T23:00:00Z",4.8865,43.6875,25,0,1012.365,43.6875,25.21,25,25.21,404.5,0.5,13021644,397.5,0.9,1.25,1.05
"2021-10-20T00:00:00Z",5.014,43.9955,25,0,1011.68,43.9955,25.16,25,25.16,505,15.5,13021644,397.5,0.85,1.1,1.05
"2021-10-20T01:00:00Z",5.056,44.879,25,0,1011.215,44.879,25.205,25,25.205,423,3,13021644,400,1,1.35,1.25
"2021-10-20T02:00:00Z",5.0165,44.715505,25,0,1010.47,44.7155,25.34,25,25.34,408,1,13021644,400,0.9,1.35,1.15
"2021-10-20T03:00:00Z",5.012,44.9225,25,0,1009.385,44.9225,25.37,25,25.37,417,2,13021644,400,0.95,1.15,1.15
"2021-10-20T04:00:00Z",5.0655,45.405995,25,0,1008.825,45.406,25.255,25,25.255,467,9.5,13021644,395,0.8,1,0.85
"2021-10-20T05:00:00Z",5.036,45.6425,25,0,1008.395,45.6425,25.095,25,25.095,406.5,0.5,13021644,397.5,0.85,1.4,1.1
"2021-10-20T06:00:00Z",5.277,46.3865,25,0,1008.125,46.3865,24.84,25,24.84,463.5,9.5,13021644,400,1.45,3.1,2.05
"2021-10-20T07:00:00Z",5.2105,47.9085,25,0,1007.455,47.9085,24.75,25,24.75,843,67,13021644,400,2.95,4.3,3.85
"2021-10-20T08:00:00Z",5.475,50.7435,25,0,1007.025,50.7435,24.205,25,24.205,427,4,13021644,400,2.05,3.65,2.65
"2021-10-20T09:00:00Z",5.841,52.594,25,0,1007.34,52.594,24.135,25,24.135,476,11,13021644,400,2.4,4.15,3.45
"2021-10-20T10:00:00Z",5.948,53.1165,25,0,1007.37,53.1165,24.595,25,24.595,520.5,17.5,13021644,400,3.5,6.85,4.7
"2021-10-20T11:00:00Z",5.8115,53.8025,25,0,1006.905,53.8025,24.62,25,24.62,499.5,14.5,13021644,395,2.9,6.2,4.05
"2021-10-20T12:00:00Z",6.0565,51.783005,25,0,1006.365,51.783,25.125,25,25.125,474,10.5,13021644,400,2.65,4.65,3.5
"2021-10-20T13:00:00Z",6.424,50.603,25,0,1005.385,50.603,25.565,25,25.565,457,8,13021644,397.5,2.65,4.6,3.55
"2021-10-20T14:00:00Z",6.446,49.439995,25,0,1004.245,49.44,25.735,25,25.735,459,8.5,13021644,400,2.5,4.9,3.6
"2021-10-20T15:00:00Z",6.446,49.095,25,0,1002.87,49.095,25.64,25,25.64,482,11.5,13021644,400,2.35,5.1,3.15
"2021-10-20T16:00:00Z",6.4965,48.4115,25,0,1002.065,48.4115,25.53,25,25.53,415.5,2,13021644,397.5,1.95,3.75,2.8
"2021-10-20T17:00:00Z",5.632,48.28,25,0,1000.77,48.28,25.38,25,25.38,413,1,13021644,395,1.7,4.3,2.2
"2021-10-20T18:00:00Z",5.947,48.487,25,0,999.805,48.487,25.405,25,25.405,415.5,2,13021644,397.5,1.65,3,2.55
"2021-10-20T19:00:00Z",5.945,48.596,25,0,998.58,48.596,25.35,25,25.35,404.5,0.5,13021644,400,1.25,2.5,1.75
"2021-10-20T20:00:00Z",5.4815,48.56,25,0,997,48.56,25.205,25,25.205,408,1,13021644,397.5,1.05,2,1.5
"2021-10-20T21:00:00Z",5.309,48.235,25,0,994.6,48.235,25.06,25,25.06,412,1.5,13021644,397.5,0.95,1.5,1.35
"2021-10-20T22:00:00Z",5.456,48.0275,25,0,995.01,48.0275,25.14,25,25.14,449.5,7,13021644,395,0.75,1.25,0.95
"2021-10-20T23:00:00Z",5.9445,47.0885,25,0,994.75,47.0885,25.07,25,25.07,416.5,2,13021644,400,0.45,1.05,0.8
"2021-10-21T00:00:00Z",6.609,45.714495,25,0,994.055,45.7145,25.01,25,25.01,414,1.5,13021644,400,0.5,1.25,0.8
"2021-10-21T01:00:00Z",6.757,43.547495,25,0,993.81,43.5475,25.245,25,25.245,415.5,2,13021644,397.5,0.65,1.2,1
"2021-10-21T02:00:00Z",7.1755,41.6035,25,0,994.945,41.6035,25.385,25,25.385,441.5,5.5,13021644,400,0.5,1.25,0.9
"2021-10-21T03:00:00Z",7.4495,40.4345,25,0,997.26,40.4345,25.315,25,25.315,423.5,3,13021644,400,0.45,1.3,0.85
"2021-10-21T04:00:00Z",7.776,39.423,25,0,1000.975,39.423,25.21,25,25.21,418.5,2.5,13021644,400,0.6,2.25,1.05
"2021-10-21T05:00:00Z",8.095,38.381,25,0,1003.945,38.381,25.18,25,25.18,413,1.5,13021644,397.5,0.45,2,0.85
"2021-10-21T06:00:00Z",8.195,38.41,25,0,1005.61,38.41,25.035,25,25.035,460.5,8.5,13021644,397.5,0.55,1.15,0.9
"2021-10-21T07:00:00Z",8.994,38.1355,25,0,1006.525,38.1355,24.13,25,24.13,401.5,0,13021644,397.5,1.65,3.7,2.3
"2021-10-21T08:00:00Z",9.9865,39.336,25,0,1007.455,39.336,24.085,25,24.085,587,28,13021644,400,1.55,4.45,2.35
"2021-10-21T09:00:00Z",11.4765,39.057,25,0,1008.18,39.057,23.775,25,23.775,408,0.5,13021644,400,2.25,5.7,3.35
"2021-10-21T10:00:00Z",12.7915,38.493495,25,0,1008.29,38.4935,24.3,25,24.3,511.5,16.5,13021644,400,2.25,6,3.4
"2021-10-21T11:00:00Z",14.011,38.202,25,0,1008.44,38.202,24.5,25,24.5,744.5,52,13021644,400,2.25,6.8,3.8
"2021-10-21T12:00:00Z",14.6605,41.8675,25,0,1008.12,41.8675,24.54,25,24.54,431.5,4,13021644,397.5,2.7,6.5,4.25
"2021-10-21T13:00:00Z",13.397,42.973,25,0,1007.54,42.973,24.84,25,24.84,454,8,13021644,400,2,3.7,3.1
"2021-10-21T14:00:00Z",11.423,44.853495,25,0,1007.475,44.8535,24.425,25,24.425,583.5,27.5,13021644,397.5,2.25,5.35,3.45
"2021-10-21T15:00:00Z",10.292,45.563995,25,0,1008.075,45.564,24.395,25,24.395,452.5,7.5,13021644,400,1.15,2.85,1.8
"2021-10-21T16:00:00Z",11.194,45.3775,25,0,1009.235,45.3775,24.08,25,24.08,603.5,30.5,13021644,395,1,2.15,1.6
"2021-10-21T17:00:00Z",12.3305,40.502495,25,0,1010.68,40.5025,23.755,25,23.755,496.5,14,13021644,400,1.4,3.2,2.25
"2021-10-21T18:00:00Z",13.536,38.649505,25,0,1011.955,38.6495,23.66,25,23.66,498.5,15,13021644,397.5,1,2,1.55
"2021-10-21T19:00:00Z",12.6475,38.1045,25,0,1013.34,38.1045,23.48,25,23.48,503,15,13021644,400,0.65,1.6,1.2
"2021-10-21T20:00:00Z",11.361,37.364,25,0,1014.385,37.364,23.6,25,23.6,426,3.5,13021644,400,0.65,1.3,0.9
"2021-10-21T21:00:00Z",10.3905,36.582,25,0,1015.155,36.582,23.855,25,23.855,442,6,13021644,400,0.6,1,0.9
"2021-10-21T22:00:00Z",8.805,36.188005,25,0,1015.9,36.188,24.315,25,24.315,416.5,2,13021644,397.5,0.4,0.55,0.5
"2021-10-21T23:00:00Z",7.6165,35.9725,25,0,1016.125,35.9725,24.35,25,24.35,409,1,13021644,400,0.4,0.7,0.6
"2021-10-22T00:00:00Z",6.907,36.031,25,0,1016.49,36.031,24.235,25,24.235,414.5,2,13021644,397.5,0.35,0.55,0.55
"2021-10-22T01:00:00Z",6.3915,35.734,25,0,1016.98,35.734,24.3,25,24.3,422,3,13021644,400,0.3,0.4,0.4
"2021-10-22T02:00:00Z",5.877,35.7725,25,0,1017.145,35.7725,24.255,25,24.255,419,2.5,13021644,397.5,0.3,0.65,0.5
"2021-10-22T03:00:00Z",5.352,35.876005,25,0,1017.2,35.876,24.07,25,24.07,418.5,2.5,13021644,400,0.35,0.7,0.45
"2021-10-22T04:00:00Z",5.164,35.286995,25,0,1017.33,35.287,24.1,25,24.1,409,1,13021644,397.5,0.25,0.45,0.45
"2021-10-22T05:00:00Z",4.7845,35.1025,25,0,1017.595,35.1025,24.05,25,24.05,417.5,2.5,13021644,400,0.3,0.55,0.4
"2021-10-22T06:00:00Z",4.547,35.074,25,0,1017.91,35.074,23.96,25,23.96,445.5,6,13021644,400,0.3,0.55,0.5
"2021-10-22T07:00:00Z",4.4625,34.47,25,0,1018.43,34.47,23.645,25,23.645,445,6.5,13021644,400,0.55,1.35,0.85
"2021-10-22T08:00:00Z",4.4735,34.615,25,0,1019.03,34.615,23.545,25,23.545,419.5,2.5,13021644,397.5,0.95,2.15,1.4
"2021-10-22T09:00:00Z",4.5265,34.6575,25,0,1019.54,34.6575,23.73,25,23.73,445,6.5,13021644,397.5,1.05,2.35,1.45
"2021-10-22T10:00:00Z",5.228,33.822,25,0,1019.99,33.822,23.91,25,23.91,454.5,8,13021644,400,1.6,4.05,2.6
"2021-10-22T11:00:00Z",7.0275,33.787495,25,0,1020.22,33.7875,24.09,25,24.09,424.5,3,13021644,397.5,1.85,4.1,2.95
"2021-10-22T12:00:00Z",9.9875,32.6255,25,0,1020.11,32.6255,24.37,25,24.37,429.5,4,13021644,400,1.55,3.6,2.35
"2021-10-22T13:00:00Z",12.9495,32.482,25,0,1019.98,32.482,24.5,25,24.5,446.5,7,13021644,397.5,1.45,3.65,2.25
"2021-10-22T14:00:00Z",14.3195,34.754,25,0,1020.1,34.754,23.925,25,23.925,506,16,13021644,397.5,1.55,4.3,2.75
"2021-10-22T15:00:00Z",15.137,35.496,25,0,1020.24,35.496,23.79,25,23.79,1756,396,13021644,400,1.6,3.6,2.3
"2021-10-22T16:00:00Z",15.33,35.331,25,0,1020.59,35.331,24.085,25,24.085,487,13,13021644,400,1.5,3.55,2.35
"2021-10-22T17:00:00Z",15.857,36.720495,25,0,1021.11,36.7205,23.945,25,23.945,538,20.5,13021644,397.5,1.6,3.65,2.3
"2021-10-22T18:00:00Z",10.9733333333333,35.2973666666667,25,0,1021.36,36.4613333333333,24.9266666666667,25,24.9265533333333,951.333333333333,153,9916152,400,1,2.43333333333333,1.56666666666667
"2021-10-22T18:16:35.899943099Z",13.219,37.474,25,0,1021.62,37.474,24.39,25,24.39,481,12,13021644,400,0.6,1.5,1.1
